session_id,task,turn,AveCopyCount,AveCopyInlineText,FirstCopy_abs,LastCopy_abs,FirstCopy_ref,LastCopy_ref,AveButtonCount,FirstButton_abs,LastButton_abs,FirstButton_ref,LastButton_ref,Regenerate_EditCount,FirstRegenerate_Edit_abs,LastRegenerate_Edit_abs,FirstRegenerate_Edit_ref,LastRegenerate_Edit_ref,PositiveButtonCount,FirstPositiveButton_abs,LastPositiveButton_abs,FirstPositiveButton_ref,LastPositiveButton_ref,NegativeButtonCount,FirstNegativeButton_abs,LastNegativeButton_abs,FirstNegativeButton_ref,LastNegativeButton_ref,AveOverallButtonCount,StopGeneratingCount,session_engagement_count,unique_engagement,turn_engagement_rate,PLE_abs,PLE_rel,max_scroll_distance,maxscroll_over_turndepth,AveScrollback,mixed_scroll_count,mixed_scroll_ratio,scroll_volatility,sum_scroll_time,ave_scroll_time,avg_pause_time,scroll_top_rate,ave_user_text,ave_system_text,navigate_count,sum_nav_dwell,session_dwell_time,time_to_first_eng,time_to_last_eng,turn-dwelltime,plat,sati
1_1,creation,4,3.5,104,1,8,0.125,1,0.25,4,4,0.5,0.5,,,,,,,,,,,,,,,,0,,69,1,17.25,9.857142857,78.85714286,3883,970.75,1941.5,0,0,0.211538462,83.627,0.804105769,12.07707767,1,55.75,1230.75,0,0,1542.317,127.034,1456.888,385.57925,GPT,6
1_2,evaluation,3,5,41.06666667,2,6,0.333333333,1,0,,,,,,,,,,,,,,,,,,,,0,,79,1,1.15625,15.8,94.8,6649,2216.333333,4432.666667,2,0.029411765,0.294117647,89.652,1.318411765,7.782925373,1,52,1471.333333,0,0,736.013,44.148,669.328,245.3376667,GPT,6
10_1,creation,7,4.571428571,40.71875,2,14,0.142857143,1,0.714285714,12,14,0.857142857,1,,,,,,1,12,12,0.857142857,0.857142857,,,,,,0,,185,1,26.33333333,14.23076923,199.2307692,8069.5,1152.785714,2305.571429,6,0.03,0.225,156.552,0.78276,4.864663317,1,42.85714286,1164.285714,0,0,1287.19,105.033,1230.094,183.8842857,GPT,5
10_2,evaluation,7,2.285714286,93.3125,2,12,0.142857143,0.857142857,0.571428571,5,9,0.357142857,0.642857143,,,,,,,,,,,,,,,,5.714285714,0,222,1,5.375,18.5,259,6948.5,992.6428571,1985.285714,6,0.018292683,0.231707317,289.916,0.883890244,2.94735474,1,58,3460.333333,0,0,1450.766,134.607,1421.584,207.2522857,GPT,6
11_1,evaluation,4,2.5,49.5,2,2,0.25,0.25,0,,,,,,,,,,,,,,,,,,,,0,,36,1,20.33333333,18,144,1696,424,848,0,0,0.127272727,93.873,0.853390909,2.026293578,1,125,807.5714286,0,0,442.383,62.783,383.209,110.59575,GPT,6
11_2,creation,2,2.5,242.6,2,4,0.5,1,0,,,,,,,,,,,,,,,,,,,,0,,36,1,26.42857143,12,48,2142,1071,2142,1,0.013513514,0.148648649,65.582,0.886243243,1.964205479,1,69,837.5,0,0,278.714,28.13,237.779,139.357,GPT,7
12_1,evaluation,2,0,,,,,,0.5,4,4,1,1,,,,,,,,,,,,,,,,0,,19,1,5.6,4.75,19,3118,1559,3118,0,0,0.25,46.799,1.169975,7.710923077,1,156,2497.5,0,0,791.954,304.93,672.01,395.977,GPT,7
12_2,creation,4,1.25,39.6,2,8,0.25,1,0,,,,,,,,,,,,,,,,,,,,0.25,0,43,1,31.71428571,6.142857143,49.14285714,2218,554.5,1109,2,0.055555556,0.472222222,29.347,0.815194444,6.071542857,1,101.5,285.5,0,0,644.612,1.993,612.452,161.153,GPT,5
13_1,evaluation,4,0.5,534,8,8,1,1,0,,,,,,,,,,,,,,,,,,,,0.5,0,9,1,4,1.285714286,10.28571429,1595.555664,398.888916,797.777832,2,0.026315789,0.092105263,52.817,0.694960526,4.874066667,0,91.25,2798,0,0,503.708,49.622,485.991,125.927,GPT,5
13_2,creation,4,1.25,607.6,6,8,0.75,1,0,,,,,,,,,,,,,,,,,,,,0,,17,1,9,2.428571429,19.42857143,1959.111115,489.7777786,979.5555573,0,0,0.138211382,92.286,0.750292683,2.169286885,1,67.5,862.25,0,0,446.093,62.857,421.372,111.52325,GPT,6
14_1,creation,3,0.666666667,2202,6,6,1,1,0,,,,,,,,,,,,,,,,,,,,0,,9,1,18,1.8,10.8,3276.444336,1092.148112,2184.296224,0,0,0.085470085,80.668,0.689470085,1.137051724,0,67,1886.666667,0,0,454.241,79.942,295.856,151.4136667,GPT,6
14_2,evaluation,5,0,,,,,,0.2,10,10,1,1,,,,,,,,,,,,,,,,0,,8,1,5.666666667,0.888888889,8.888888889,1287.111206,257.4222412,514.8444824,0,0,0.078740157,76.198,0.599984252,1.278222222,0,49.4,1927.2,0,0,452.739,66.443,308.537,90.5478,GPT,6
15_1,creation,6.5,1.846153846,315.1666667,12,12,0.923076923,0.923076923,0,,,,,,,,,,,,,,,,,,,,0.923076923,0,101,1,9.5,9.181818182,119.3636364,2940.444458,452.3760705,904.7521409,23,0.088461538,0.296153846,286.641,1.102465385,2.722857143,0,23,523.2857143,0,0,1085.822,29.502,1041.788,167.0495385,GPT,6
15_2,evaluation,8,0.5,313,16,16,1,1,0.125,8,8,0.5,0.5,,,,,,,,,,,,,,,,0.5,0,50,1,13,3.333333333,53.33333333,12347.55536,1543.44442,3086.88884,2,0.006802721,0.129251701,310.561,1.056329932,1.617880546,1,29.625,2605,0,0,866.517,6.533,835.269,108.314625,GPT,7
16_1,creation,5,1.8,158.5555556,4,10,0.4,1,0,,,,,,,,,,,,,,,,,,,,0,,54,1,10.75,6,60,5360.000168,1072.000034,2144.000067,5,0.02173913,0.182608696,207.221,0.90096087,3.422331878,1,67,1172.2,0,0,1203.707,152.556,1156.098,240.7414,GPT,6
16_2,evaluation,4,0.5,905.5,8,8,1,1,0.25,8,8,1,1,,,,,,,,,,,,,,,,0,,24,1,9.2,3.428571429,27.42857143,3876.44439,969.1110975,1938.222195,0,0,0.180722892,144.496,0.870457831,4.148442424,1,89,1580.75,0,0,979.803,14.219,975.988,244.95075,GPT,6
17_1,evaluation,2,3,64.5,2,2,0.5,0.5,0.5,2,2,0.5,0.5,,,,,,,,,,,,,,,,1,0,29,1,14.5,9.666666667,38.66666667,2504,1252,2504,0,0,0.277777778,50.477,2.804277778,6.096647059,1,35,1203,0,0,422.283,33.097,254.671,422.283,P,6
17_2,creation,14,0.071428571,389,8,8,0.285714286,0.285714286,0.071428571,8,8,0.285714286,0.285714286,,,,,,,,,,,,,,,,0,,19,1,1.357142857,2.375,66.5,1350.399979,96.45714133,192.9142827,7,0.24137931,0.517241379,101.509,3.500310345,20.994,0,31.35714286,628.1428571,0,0,777.821,25.139,746.608,111.1172857,P,5
18_1,creation,4,0.25,11,4,4,0.5,0.5,0,,,,,,,,,,,,,,,,,,,,0,,15,1,3.75,2.142857143,17.14285714,993,496.5,993,0,0,0.238095238,30.08,1.432380952,4.89695,1,30.25,250.75,0,0,216.449,31.563,162.422,108.2245,P,7
18_2,evaluation,4,0.75,109.3333333,2,8,0.25,1,0.25,6,6,0.75,0.75,,,,,,,,,,,,,,,,0,,23,1,5.75,3.285714286,26.28571429,1099,274.75,549.5,3,0.230769231,0.615384615,18.471,1.420846154,9.4455,0,34.75,582.5,3,0,235.979,6.25,225.414,117.9895,P,6
19_1,evaluation,4,3.5,88.14285714,4,8,0.5,1,0,,,,,,,,,,,,,,,,,,,,0.25,0,58,1,17,7.25,58,3399,849.75,1699.5,2,0.012345679,0.209876543,138.249,0.853388889,18.26562733,1,51,2086.5,0,0,3175.192,43.628,3166.212,793.798,GPT,6
19_2,creation,8,5.5,48.27272727,6,14,0.375,0.875,0,,,,,,,,,,,,,,,,,,,,0.25,0,144,1,2.25,9.6,153.6,4310,538.75,1077.5,2,0.007936508,0.119047619,193.834,0.76918254,3.914075697,1,33.75,1227.25,0,0,1345.268,35.229,1222.35,168.1585,GPT,6
2_1,creation,3,1,60.33333333,4,6,0.666666667,1,0.333333333,6,6,1,1,,,,,,1,6,6,1,1,,,,,,1,0,29,1,4.25,5.8,34.8,753,251,502,4,0.210526316,0.684210526,17.692,0.931157895,9.644388889,1,66.33333333,160.3333333,0,0,400.341,54.372,263.088,133.447,GPT,7
2_2,evaluation,12,0.416666667,53,1,18,0.041666667,0.75,0,,,,,,,,,,,,,,,,,,,,0.416666667,0,68,1,14,2.956521739,70.95652174,4396,366.3333333,732.6666667,5,0.019920319,0.22310757,208.667,0.831342629,2.38194,1,19.5,1293.666667,0,0,955.26,93.167,934.49,79.605,GPT,7
20_1,creation,2,1,142,2,4,0.5,1,0,,,,,,,,,,,,,,,,,,,,0,,16,1,3,5.333333333,21.33333333,1642,821,1642,0,0,0.092592593,40.901,0.757425926,6.345113208,1,62,846,0,0,600.197,150.613,523.412,300.0985,GPT,7
20_2,evaluation,4,6.75,80.66666667,1,8,0.125,1,0,,,,,,,,,,,,,,,,,,,,0,,95,1,23.5,13.57142857,108.5714286,3501,875.25,1750.5,3,0.052631579,0.526315789,56.812,0.996701754,13.295375,1,48.5,911.75,0,0,925.611,104.235,904.453,231.40275,GPT,7
21_1,creation,6.5,1.538461538,60.5,1,6,0.076923077,0.461538462,0.461538462,1,6,0.076923077,0.461538462,,,,,,2,4,6,0.307692308,0.461538462,,,,,,0,,48,1,1.6,9.6,124.8,1799,276.7692308,553.5384615,5,0.102040816,0.489795918,39.736,0.810938776,3.90225,1,62.33333333,309.1428571,0,0,233.622,4.619,230.507,35.94184615,GPT,7
21_2,evaluation,3,1.666666667,403.6,2,4,0.333333333,0.666666667,0.333333333,2,2,0.333333333,0.333333333,,,,,,1,2,2,0.333333333,0.333333333,,,,,,0.333333333,0,23,1,37.5,5.75,34.5,1768,589.3333333,1178.666667,8,0.106666667,0.466666667,58.897,0.785293333,4.323216216,1,40.33333333,586,0,0,438.198,45.852,428.88,146.066,GPT,7
22_1,evaluation,6,0,,,,,,0.5,8,12,0.666666667,1,,,,,,,,,,,,,,,,0,,25,1,6.75,2.272727273,27.27272727,4394,732.3333333,1464.666667,3,0.026086957,0.2,110.811,0.963573913,6.513631579,1,40.66666667,1403.666667,0,0,1089.196,83.366,953.081,181.5326667,GPT,6
22_2,creation,8,0.125,119,12,12,0.75,0.75,0.625,6,16,0.375,1,,,,,,,,,,,,,,,,0,,30,1,15.53846154,2,32,3012.5,376.5625,753.125,1,0.007633588,0.175572519,122.793,0.937351145,4.803753846,0,32.25,1145,0,0,851.182,32.275,806.974,106.39775,GPT,7
23_1,evaluation,2,3.5,267.8571429,2,2,0.5,0.5,0,,,,,,,,,,,,,,,,,,,,0.5,0,43,1,5,14.33333333,57.33333333,2399,1199.5,2399,0,0,0.029411765,84.904,0.832392157,7.572841584,1,164,2319,0,0,907.601,21.213,861.377,453.8005,GPT,7
23_2,creation,10,0.4,117.5,18,20,0.9,1,0,,,,,,,,,,,,,,,,,,,,0.2,0,52,1,6.25,2.736842105,54.73684211,3899,389.9,779.8,2,0.012658228,0.259493671,131.709,0.833601266,3.472853503,1,23.5,686.1,0,0,951.851,17.645,716.827,95.1851,GPT,7
24_1,evaluation,6,0.666666667,182.25,6,8,0.5,0.666666667,0.5,4,12,0.333333333,1,,,,,,,,,,,,,,,,0,,66,1,2,6,72,3473,578.8333333,1157.666667,9,0.063380282,0.429577465,132.73,0.93471831,4.151602837,1,46,588.3333333,0,0,864.372,37.735,792.882,144.062,GPT,6
24_2,creation,7,0,,,,,,0.285714286,8,14,0.571428571,1,,,,,,,,,,,,,,,,0,,38,1,10.8,2.923076923,40.92307692,2031,290.1428571,580.2857143,9,0.092783505,0.505154639,85.177,0.878113402,4.99490625,1,40.71428571,385.8571429,0,0,630.697,28.13,604.196,90.09957143,GPT,7
25_1,creation,10,1.1,438.5454545,6,14,0.3,0.7,0.1,7,7,0.35,0.35,,,,,,,,,,,,,,,,0,,142,1,6,7.473684211,149.4736842,3912.5,391.25,782.5,6,0.038709677,0.316129032,147.667,0.952690323,8.006584416,1,36.1,627.6,0,0,1515.484,92.462,1479.161,151.5484,GPT,6
25_2,evaluation,8,2.75,139.4090909,10,14,0.625,0.875,0.375,10,14,0.625,0.875,,,,,,,,,,,,,,,,0.125,0,164,1,8,10.93333333,174.9333333,9757,1219.625,2439.25,2,0.009852217,0.270935961,190.336,0.937615764,5.962366337,1,65,1136.625,0,0,1710.505,298.873,1654.755,213.813125,GPT,6
26_1,evaluation,3.5,1.142857143,91,6,6,0.857142857,0.857142857,0.571428571,3,6,0.428571429,0.857142857,,,,,,1,6,6,0.857142857,0.857142857,,,,,,5.714285714,0,84,1,8.444444444,16.8,117.6,3452,986.2857143,1972.571429,14,0.0625,0.433035714,231.069,1.031558036,2.285735426,1,34.5,788,0,0,838.028,57.047,788.376,239.4365714,GPT,7
26_2,creation,2,2,10.75,2,2,0.5,0.5,0.5,2,2,0.5,0.5,,,,,,,,,,,,,,,,16.5,0,121,1,14.5,30.25,121,1999,999.5,1999,8,0.051612903,0.516129032,171.217,1.104625806,2.764422078,1,41,428.5,0,0,661.112,33.705,525.186,330.556,GPT,7
27_1,creation,3,1.333333333,11.25,2,2,0.333333333,0.333333333,0,,,,,,,,,,,,,,,,,,,,0.333333333,0,25,1,18,5,30,3609,1203,2406,2,0.03125,0.265625,50.066,0.78228125,1.883,1,5.666666667,744.6666667,0,0,324.591,78.946,274.21,108.197,GPT,7
27_2,evaluation,1,10,28.6,2,2,1,1,2,2,2,1,1,,,,,,1,2,2,1,1,,,,,,1,0,38,1,14.75,19,38,1549,1549,3098,0,0,0.2,46.931,0.853290909,1.694685185,1,80,994,0,0,506.574,353.677,493.293,506.574,GPT,6
28_1,creation,32,0.15625,162,1,14,0.015625,0.21875,0,,,,,,,,,,,,,,,,,,,,0,,37,1,9.666666667,2.846153846,182.1538462,2183,68.21875,136.4375,10,0.090909091,0.336363636,79.22,0.720181818,5.86940367,1,19.23529412,426.1666667,0,0,1239.675,15.196,635.421,38.73984375,GPT,7
28_2,evaluation,8,0.625,198,6,16,0.375,1,0,,,,,,,,,,,,,,,,,,,,0,,43,1,5.6,2.866666667,45.86666667,6477,809.625,1619.25,6,0.053571429,0.339285714,99.702,0.890196429,2.826990991,1,35.25,809.75,0,0,533.42,14.176,472.645,66.6775,GPT,6
29_1,creation,3,3,23.33333333,4,6,0.666666667,1,0.333333333,6,6,1,1,,,,,,,,,,,,,,,,0.333333333,0,61,1,5.666666667,10.16666667,61,1398,466,932,1,0.014705882,0.279411765,50.633,0.744602941,7.442,1,100,788,0,0,716.849,108.785,675.838,238.9496667,GPT,6
29_2,evaluation,5,0.6,176.3333333,1,8,0.1,0.8,0,,,,,,,,,,,,,,,,,,,,0.4,0,28,1,2.3,3.111111111,31.11111111,1015,203,406,1,0.012195122,0.414634146,70.668,0.861804878,4.533975309,1,34.8,666.4,0,0,693.837,215.982,661.091,138.7674,GPT,5
3_1,creation,4,0.25,128,8,8,1,1,0,,,,,,,,,,,,,,,,,,,,0,,16,1,8,2.285714286,18.28571429,2858.5,714.625,1429.25,1,0.006060606,0.066666667,173.912,1.054012121,1.418591463,0,67.25,891,0,0,732.822,279.251,703.078,183.2055,GPT,6
3_2,evaluation,3,0.666666667,260.5,1,6,0.166666667,1,0,,,,,,,,,,,,,,,,,,,,0,,17,1,6,3.4,20.4,1063,354.3333333,708.6666667,0,0,0.184210526,80.314,1.056763158,2.56304,1,50,650.3333333,0,0,520.209,131.771,415.765,173.403,GPT,5
30_1,creation,1,3,267.3333333,2,2,1,1,0,,,,,,,,,,,,,,,,,,,,1,0,13,1,23.75,6.5,13,598,598,1196,0,0,0.25,8.406,0.7005,3.788363636,1,78,1031,0,0,386.919,45.006,105.36,386.919,GPT,7
30_2,evaluation,5,1.4,105.4285714,6,10,0.6,1,0,,,,,,,,,,,,,,,,,,,,0.8,0,46,1,2.125,4.6,46,3165,633,1266,0,0,0.132352941,44.971,0.661338235,7.00058209,0,30.6,2687.4,0,0,608.757,56.235,571.605,121.7514,GPT,7
31_1,creation,4,3.5,67.07142857,6,8,0.75,1,0,,,,,,,,,,,,,,,,,,,,0.25,0,68,1,7.384615385,8.5,68,2799,699.75,1399.5,1,0.007352941,0.147058824,108.144,0.795176471,4.11442963,1,36.75,1022.25,0,0,722.924,39.088,705.879,180.731,GPT,7
31_2,evaluation,4,1.75,64.42857143,8,8,1,1,0,,,,,,,,,,,,,,,,,,,,0.25,0,56,1,48,8,64,3796,949,1898,2,0.012578616,0.226415094,148.75,0.935534591,1.778816456,1,40,1041.75,0,0,500.396,29.728,475.317,125.099,GPT,7
32_1,creation,2,2.5,33,2,4,0.5,1,0,,,,,,,,,,,,,,,,,,,,0.5,0,47,1,7.666666667,15.66666667,62.66666667,799,399.5,799,1,0.02,0.42,46.988,0.93976,5.812591837,1,69,319,0,0,542.904,60.517,431.88,271.452,GPT,6
32_2,evaluation,2,6.5,43.61538462,2,4,0.5,1,0,,,,,,,,,,,,,,,,,,,,0,,75,1,9,18.75,75,2041,1020.5,2041,1,0.014492754,0.101449275,79.409,1.150855072,10.22122059,0,106,1795,0,0,917.393,65.869,854.874,458.6965,GPT,6
33_1,creation,16,0.8125,49.61538462,6,32,0.1875,1,0,,,,,,,,,,,,,,,,,,,,0.0625,0,108,1,4.166666667,3.483870968,111.483871,4400,275,550,10,0.051546392,0.371134021,168.274,0.867391753,3.964984456,0,47.6875,419.9375,0,0,1021.053,42.07,980.556,63.8158125,GPT,6
33_2,evaluation,6,0,,,,,,0.333333333,10,12,0.833333333,1,,,,,,,,,,,,,,,,0,,30,1,5,2.727272727,32.72727273,6442,1073.666667,2147.333333,2,0.009478673,0.203791469,142.483,0.675274882,2.154671429,1,51.66666667,609.3333333,0,0,650.582,29.64,619.326,108.4303333,GPT,7
34_1,evaluation,2,0,,,,,,0,,,,,,,,,,,,,,,,,,,,0,,4,1,2,1,4,1242.666504,621.333252,1242.666504,0,0,0.125,18.826,0.784416667,24.21726087,0,38.5,1550,0,0,798.611,42.459,645.426,399.3055,GPT,6
34_2,creation,4,1.75,247.2857143,2,8,0.25,1,0.25,8,8,1,1,,,,,,,,,,,,,,,,1,0,32,1,3.75,4.571428571,36.57142857,1841.777786,460.4444466,920.8888931,0,0,0.196721311,50.268,0.824065574,3.083533333,1,52.75,1432,0,0,361.652,38.678,338.087,90.413,GPT,5
35_1,evaluation,9,1.555555556,128.5,2,18,0.111111111,1,0.111111111,5,5,0.277777778,0.277777778,,,,,,,,,,,,,,,,0.111111111,0,76,1,2,4.470588235,80.47058824,13092,1454.666667,2909.333333,2,0.005479452,0.095890411,285.929,0.783367123,2.126008242,0,191.5555556,2548.111111,0,0,1409.377,180.398,1290.337,156.5974444,GPT,7
35_2,creation,4,2,88.875,2,8,0.25,1,0.75,3,8,0.375,1,,,,,,,,,,,,,,,,0.5,0,59,1,21.5,8.428571429,67.42857143,12521,3130.25,6260.5,3,0.014563107,0.145631068,165.874,0.805213592,1.313268293,0,167.75,1606.25,0,0,624.833,50.636,487.705,156.20825,GPT,7
36_1,creation,5,0.4,596,8,10,0.8,1,0,,,,,,,,,,,,,,,,,,,,0.4,0,28,1,5.2,2.8,28,6448,1289.6,2579.2,1,0.004,0.1,257.213,1.028852,1.373228916,0,69,1740.6,0,0,1290.853,342.015,950.391,258.1706,GPT,7
36_2,evaluation,10,0.2,548.5,2,8,0.1,0.4,0.1,2,2,0.1,0.1,,,,,,,,,,,,,,,,0.1,0,23,1,3.1,3.285714286,65.71428571,3182,318.2,636.4,0,0,0.067729084,233.997,0.932258964,0.980928,1,55.25,786.25,0,0,806.367,117.905,622.171,80.6367,GPT,5
37_1,creation,3,2,57.5,4,6,0.666666667,1,0,,,,,,,,,,,,,,,,,,,,0,,94,1,31.33333333,18.8,112.8,1404,468,936,3,0.166666667,0.611111111,30.767,1.709277778,12.647,0,44.33333333,593.6666667,1,0,935.904,115.972,818.796,623.936,P,5
37_2,evaluation,4,1,139.5,2,4,0.25,0.5,1.25,1,8,0.125,1,,,,,,,,,,,,,,,,0,,110,1,27.5,15.71428571,125.7142857,3007.5,1002.5,2005,2,0.074074074,0.444444444,48.75,1.805555556,6.839346154,1,62.25,489.5,0,0,1422.71,134.055,1245.713,711.355,P,6
38_1,creation,6,0,,,,,,0.166666667,6,6,0.5,0.5,,,,,,,,,,,,,,,,0,,23,1,3.833333333,2.875,34.5,1284,214,428,1,0.052631579,0.894736842,30.749,1.618368421,11.51688889,1,52,164.3333333,0,0,440.305,0.832,243.586,146.7683333,P,3
38_2,evaluation,10,0.9,75,1,8,0.05,0.4,0.4,2,8,0.1,0.4,,,,,,,,,,,,,,,,0,,46,1,4.6,7.666666667,153.3333333,4431,443.1,886.2,3,0.06122449,0.428571429,81.144,1.656,8.593791667,1,33.2,445,1,0,534.589,33.171,513.626,106.9178,P,3
39_1,evaluation,6,1.166666667,56.57142857,1,12,0.083333333,1,0,,,,,,,,,,,,,,,,,,,,0.5,,63,1,10.5,5.727272727,68.72727273,2623,114.0434783,228.0869565,7,0.2,0.542857143,73.378,2.096514286,13.17594118,1,38.5,1133.833333,0,0,452.388,6.772,824.57,150.796,P,3
39_2,creation,11.5,0.347826087,21.5,1,23,0.043478261,1,0.086956522,3,3,0.130434783,0.130434783,,,,,,,,,,,,,,,,0.086956522,0,35,1,3.043478261,1.590909091,36.59090909,3499,78.62921348,157.258427,16,0.186046512,0.593023256,255.136,2.966697674,9.966058824,1,61.83333333,166.6363636,0,0,1847.092,25.559,1486.278,321.2333913,P,5
4_1,creation,3,0.333333333,169,6,6,1,1,0,,,,,,,,,,,,,,,,,,,,0.333333333,0,18,1,11,3.6,21.6,899,299.6666667,599.3333333,4,0.114285714,0.628571429,29.19,0.834,3.639764706,1,48.33333333,248,0,0,221.581,34.07,193.842,73.86033333,GPT,6
4_2,evaluation,8,0.25,390.5,12,14,0.75,0.875,0.125,14,14,0.875,0.875,,,,,,,,,,,,,,,,0,,17,1,16,1.133333333,18.13333333,1499,187.375,374.75,2,0.01980198,0.158415842,65.984,0.653306931,2.01027,0,41.375,700.25,0,0,354.563,17.702,290.763,44.320375,GPT,6
40_1,creation,9,1,184.4444444,6,6,0.333333333,0.333333333,0,,,,,,,,,,,,,,,,,,,,0.222222222,0,31,1,3.444444444,7.75,139.5,1806,200.6666667,401.3333333,3,0.047619048,0.253968254,92.694,1.471333333,12.06270968,1,47.33333333,1098.222222,0,0,1020.927,47.053,887.831,226.8726667,P,6
40_2,evaluation,2,1,756,4,4,1,1,1,2,4,0.5,1,,,,,,,,,,,,,,,,0.5,0,16,1,8,5.333333333,21.33333333,1299,649.5,1299,0,0,0.315789474,29.523,1.553842105,11.18416667,1,25.5,820.5,1,0,401.443,75.011,401.422,401.443,P,7
41_1,evaluation,3,0,,,,,,0,,,,,,,,,,,,,,,,,,,,1,0,18,1,6,3,18,454,151.3333333,302.6666667,1,0.066666667,0.6,21.389,1.425933333,17.57692857,1,37.66666667,486.6666667,1,0,1290.194,217.986,729.088,860.1293333,P,5
41_2,creation,8,0,,,,,,0.25,2,10,0.125,0.625,,,,,,,,,,,,,,,,0.25,0,30,1,3.75,2.307692308,36.92307692,6447.778157,644.7778157,1289.555631,7,0.073684211,0.4,238.971,2.515484211,5.305308511,1,40,394.625,3,0,1059.289,136.711,739.719,264.82225,P,6
42_1,evaluation,1,21,44.71428571,2,2,1,1,0,,,,,,,,,,,,,,,,,,,,1,0,48,1,1.857142857,24,48,2216.888855,2216.888855,4433.77771,0,0,0.044444444,72.784,0.808711111,2.892011236,0,66,3025,0,0,490.822,2.413,396.443,490.822,GPT,6
42_2,creation,2,2.5,288.2,4,4,1,1,0,,,,,,,,,,,,,,,,,,,,0.5,0,18,1,5.428571429,6,24,1829.333496,914.666748,1829.333496,0,0,0.086419753,81.253,1.003123457,2.6865,1,60.5,1181,0,0,329.829,2.358,299.095,164.9145,GPT,7
43_1,evaluation,3,0.666666667,932.5,4,4,0.666666667,0.666666667,0,,,,,,,,,,,,,,,,,,,,0.333333333,0,15,1,8.5,3,18,5041.778076,1680.592692,3361.185384,0,0,0.142857143,79.585,0.757952381,1.163307692,0,72.33333333,2384.333333,0,0,302.935,16.991,300.562,100.9783333,GPT,6
43_2,creation,1,0,,,,,,1,2,2,1,1,,,,,,,,,,,,,,,,0,,2,1,14.2,2,4,,0,0,,,,,,,,115,177,0,0,84.234,46.629,46.629,84.234,GPT,7
44_1,creation,6,0.166666667,228,12,12,1,1,0,,,,,,,,,,,,,,,,,,,,0.166666667,0,31,1,5.166666667,2.818181818,33.81818182,1298,216.3333333,432.6666667,1,0.022727273,0.204545455,54.583,1.240522727,7.185046512,1,45.83333333,297.1666667,0,0,805.516,201.955,771.894,268.5053333,P,5
44_2,evaluation,6,0.166666667,28,1,1,0.083333333,0.083333333,0,,,,,,,,,,,,,,,,,,,,0.166666667,0,50,1,8.333333333,4.545454545,54.54545455,1297,259.4,518.8,1,0.035714286,0.428571429,41.431,1.479678571,4.241740741,1,51,978.8333333,2,0,676.629,180.074,667.136,225.543,P,6
45_1,evaluation,16,0.625,71.5,2,10,0.0625,0.3125,0.1875,8,10,0.25,0.3125,,,,,,,,,,,,,,,,0.4375,0,50,1,3.125,16.66666667,533.3333333,1459,91.1875,182.375,7,0.2,0.685714286,93.307,2.665914286,5.253735294,0,27.5625,375.625,1,0,302.743,10.809,298.405,37.842875,P,4
45_2,creation,2,1.5,637.3333333,2,4,0.5,1,0,,,,,,,,,,,,,,,,,,,,0,,15,1,7.5,5,20,1047,523.5,1047,1,0.034482759,0.206896552,36.166,1.247103448,5.471464286,1,26,826,0,0,407.213,38.092,218.799,407.213,P,3
46_1,evaluation,6,2.333333333,35.35714286,1,8,0.083333333,0.666666667,0,,,,,,,,,,,,,,,,,,,,0.166666667,0,67,1,11.16666667,5.583333333,67,4634,772.3333333,1544.666667,14,0.304347826,0.608695652,101.724,2.211391304,19.31468889,1,35.33333333,511.6666667,1,0,1206.737,137.157,1125.699,402.2456667,P,5
46_2,creation,7,2.571428571,41.22222222,2,8,0.142857143,0.571428571,0.142857143,2,2,0.142857143,0.142857143,,,,,,,,,,,,,,,,0.142857143,0,77,1,11,25.66666667,359.3333333,1595,227.8571429,455.7142857,3,0.083333333,0.25,57.918,1.608833333,12.19094286,0,22.14285714,527.1428571,0,0,600.049,74.179,569.912,171.4425714,P,5
47_1,evaluation,4,8,27.125,2,6,0.25,0.75,0,,,,,,,,,,,,,,,,,,,,0.25,0,120,1,30,15,120,2511,627.75,1255.5,9,0.082568807,0.28440367,202.251,1.855513761,17.19949074,1,100,1130.5,1,0,2262.647,158.518,1733.362,1131.3235,P,6
47_2,creation,8,4.25,47.97058824,1,8,0.0625,0.5,0,,,,,,,,,,,,,,,,,,,,0,,143,1,17.875,47.66666667,762.6666667,3785,473.125,946.25,14,0.141414141,0.373737374,185.726,1.876020202,16.50035714,0,109.5,860.75,0,0,1781.776,1.87,1806.228,445.444,P,7
48_1,creation,2,0,,,,,,0,,,,,,,,,,,,,,,,,,,,0,,4,1,2,1.333333333,5.333333333,780,156,312,1,0.041666667,0.375,273.964,11.41516667,12.48491304,0,54.5,287,0,0,94.859,22.667,43.834,94.859,P,7
48_2,evaluation,2,0.5,44,4,4,1,1,0,,,,,,,,,,,,,,,,,,,,0,,12,1,6,4,16,3499,538.3076923,1076.615385,16,0.186046512,0.593023256,255.136,2.966697674,9.966058824,1,22.5,556,0,0,662.135,208.9,540.301,662.135,P,5
49_1,creation,5,1.4,31.28571429,4,4,0.4,0.4,0.2,3,3,0.3,0.3,,,,,,,,,,,,,,,,0,,51,1,10.2,51,510,1503,300.6,601.2,2,0.166666667,0.666666667,18.581,1.548416667,13.79154545,0,89.8,571,0,0,549.007,171.607,374.571,219.6028,P,5
49_2,evaluation,4,1.25,371.8,8,8,1,1,0.25,5,5,0.625,0.625,,,,,,,,,,,,,,,,0,,23,1,5.75,3.285714286,26.28571429,893,223.25,446.5,1,0.03125,0.25,37.513,1.17228125,7.348774194,1,44,1085.5,0,0,305.455,4.305,207.892,152.7275,P,6
5_1,creation,7,0.571428571,143.5,1,14,0.071428571,1,0,,,,,,,,,,,,,,,,,,,,0,,14,1,20.5,1.076923077,15.07692308,1862.222198,266.0317426,532.0634853,3,0.115384615,0.384615385,21.159,0.813807692,7.99156,0,40.42857143,298.4285714,0,0,349.271,38.695,267.467,49.89585714,GPT,5
5_2,evaluation,10,0,,,,,,0.3,11,20,0.55,1,,,,,,,,,,,,,,,,0.1,0,31,1,4,1.631578947,32.63157895,1906.666626,190.6666626,381.3333252,2,0.047619048,0.285714286,31.215,0.743214286,9.749195122,0,52.7,992.2,0,0,547.373,28.923,545.733,54.7373,GPT,5
50_1,creation,4,0.5,102.5,2,6,0.25,0.75,0.25,4,4,0.5,0.5,,,,,,,,,,,,,,,,0,,15,1,3.75,2.5,20,2882,720.5,1441,1,0.02,0.18,110.733,2.21466,13.64453061,1,162,863.5,0,0,942.628,27.343,769.556,471.314,P,6
50_2,evaluation,34,0.147058824,211.8,2,10,0.029411765,0.147058824,0,,,,,,,,,,,,,,,,,,,,0,,59,1,1.735294118,14.75,1003,5634.5,165.7205882,331.4411765,10,0.208333333,0.625,165.038,3.438291667,11.62217021,1,200.7058824,753.4705882,3,0,937.843,194.594,900.154,55.16723529,P,6
51_1,evaluation,12,0.416666667,485.2,6,6,0.25,0.25,0.166666667,2,6,0.083333333,0.25,,,,,,,,,,,,,,,,0.166666667,0,74,1,6.166666667,14.8,355.2,1598,133.1666667,266.3333333,3,0.034482759,0.333333333,143.418,1.648482759,7.748686047,1,54.41666667,1137.666667,8,0,1016.111,114.314,932.695,169.3518333,P,4
51_2,creation,3,0,,,,,,1,2,2,0.333333333,0.333333333,,,,,,,,,,,,,,,,0,,25,1,8.333333333,8.333333333,50,1296,432,864,0,0,0.25,53.729,1.67903125,6.856129032,1,61.33333333,817.6666667,0,0,478.296,134.929,395.917,318.864,P,6
52_1,evaluation,5,0.2,1116,10,10,1,1,0.4,2,2,0.2,0.2,,,,,,,,,,,,,,,,0,,37,1,7.4,4.111111111,41.11111111,780,156,312,1,0.041666667,0.375,273.964,11.41516667,12.48491304,0,313.8,778,1,0,592.747,70.261,492.263,237.0988,P,4
52_2,creation,5,0,,,,,,0,,,,,,,,,,,,,,,,,,,,0,,11,1,2.2,1.222222222,12.22222222,1180,393.3333333,786.6666667,0,0,0.208333333,34.25,1.427083333,9.366478261,1,24.8,475.8,1,0,327.784,120.277,264.962,131.1136,P,5
53_1,creation,9,0.333333333,49,10,10,0.555555556,0.555555556,0,,,,,,,,,,,,,,,,,,,,0,,23,1,2.555555556,7.666666667,138,591,65.66666667,131.3333333,2,0.105263158,0.631578947,27.631,1.454263158,10.02688889,0,30.55555556,341.7777778,0,0,392.006,41.386,305.486,87.11244444,P,6
53_2,evaluation,17,0.117647059,31.5,2,2,0.058823529,0.058823529,0.176470588,4,7,0.117647059,0.205882353,,,,,,,,,,,,,,,,0.117647059,0,46,1,2.705882353,15.33333333,521.3333333,3469,204.0588235,408.1176471,5,0.102040816,0.612244898,98.75,2.015306122,10.368625,1,40.94117647,662.9411765,0,0,702.819,75.182,662.674,82.68458824,P,6
54_1,creation,1,2,118,2,2,1,1,0,,,,,,,,,,,,,,,,,,,,0,,14,1,14,14,28,293.5999939,293.5999939,587.1999878,0,0,0.083333333,23.242,1.936833333,6.895727273,1,120,650,0,0,179.27,16.938,121.068,358.54,P,5
54_2,evaluation,1,1,450,2,2,1,1,0,,,,,,,,,,,,,,,,,,,,0,,5,1,5,5,10,411.9999886,411.9999886,823.9999771,0,0,0.25,4.681,1.17025,0.343,0,128,692,0,0,158.244,5.912,29.279,316.488,P,7
55_1,creation,3,0.333333333,168,6,6,1,1,0,,,,,,,,,,,,,,,,,,,,0,,7,1,2.333333333,1.4,8.4,699.1999512,233.0666504,466.1333008,0,0,0.363636364,15.538,1.412545455,4.4339,1,41,256.3333333,0,0,166.553,70.048,149.924,111.0353333,P,4
55_2,evaluation,3,0.333333333,14,1,1,0.166666667,0.166666667,0,,,,,,,,,,,,,,,,,,,,0,,17,1,5.666666667,3.4,20.4,1166.400024,388.8000081,777.6000163,0,0,0.388888889,30.822,1.712333333,9.677176471,1,50.33333333,691.6666667,0,0,273.753,29.749,236.45,182.502,P,4
56_1,evaluation,8,0.75,250.8333333,1,14,0.0625,0.875,0.125,2,2,0.125,0.125,,,,,,,,,,,,,,,,0,,126,1,15.75,18,288,2247,224.7,449.4,6,0.375,0.4375,71.075,4.4421875,22.69106667,0,101.5,694.25,0,0,1596.007,111.795,1486.127,399.00175,P,4
56_2,creation,4,1,49.5,6,8,0.75,1,0,,,,,,,,,,,,,,,,,,,,0,,33,1,8.25,4.714285714,37.71428571,437,145.6666667,291.3333333,0,0,0.375,58.153,7.269125,7.524857143,1,51.75,261,0,0,601.694,153.858,504.667,300.847,P,7
57_1,creation,11,0,,,,,,0,,,,,,,,,,,,,,,,,,,,0,,30,1,2.727272727,2.307692308,50.76923077,3532,294.3333333,588.6666667,4,0.057142857,0.228571429,104.517,1.4931,6.279594203,1,18.27272727,447.9090909,3,0,759.272,225.194,712.947,138.0494545,P,5
57_2,evaluation,13,0,,,,,,0,,,,,,,,,,,,,,,,,,,,0,,37,1,2.846153846,5.285714286,137.4285714,3449,246.3571429,492.7142857,5,0.15625,0.59375,50.924,1.591375,8.232290323,1,20.84615385,348.4615385,3,0,472.293,70.122,411.297,72.66046154,P,3
58_1,evaluation,2,2.5,15.2,4,4,1,1,0,,,,,,,,,,,,,,,,,,,,0,,19,1,9.5,6.333333333,25.33333333,546,273,546,0,0,0.214285714,21.076,1.505428571,20.75638462,0,28.5,708,0,0,972.233,146.941,765.701,972.233,P,6
58_2,creation,8,1.25,30.6,6,8,0.375,0.5,0.25,9,9,0.5625,0.5625,,,,,,,,,,,,,,,,0.125,0,52,1,6.5,7.428571429,118.8571429,1615.5,201.9375,403.875,2,0.058823529,0.323529412,75.276,2.214,13.23918182,0,17.5,492.25,0,0,681.385,107.095,636.487,170.34625,P,4
59_1,creation,3,1,116,1,6,0.166666667,1,0,,,,,,,,,,,,,,,,,,,,0,,13,1,4.333333333,2.166666667,13,1168.5,389.5,779,0,0,0.272727273,99.981,4.544590909,6.548047619,1,43.33333333,527,0,0,339.298,64.228,310.54,226.1986667,P,3
59_2,evaluation,1,0,,,,,,0,,,,,,,,,,,,,,,,,,,,0,,2,1,2,1,2,187,187,374,0,0,0.111111111,47.839,5.315444444,1.1855,0,158,849,0,0,466.963,330.725,347.341,933.926,P,2
6_1,evaluation,1,4,318.5,2,2,1,1,0,,,,,,,,,,,,,,,,,,,,1,0,16,1,13.5,8,16,431.1111042,431.1111042,862.2222085,0,0,0.470588235,16.807,0.988647059,5.0934375,1,127,771,0,0,276.052,48.376,243.687,276.052,GPT,5
6_2,creation,7,0,,,,,,0.142857143,12,12,0.857142857,0.857142857,,,,,,,,,,,,,,,,0.142857143,0,13,1,24,1,14,1721.777893,245.9682704,491.9365409,5,0.03125,0.23125,119.605,0.74753125,2.761779874,1,31.85714286,931.2857143,0,0,593.062,2.344,568.089,84.72314286,GPT,6
60_1,creation,19.5,0.564102564,172.9090909,6,8,0.153846154,0.205128205,0.153846154,6,6,0.153846154,0.153846154,,,,,,,,,,,,,,,,0,,70,1,3.58974359,23.33333333,910,1293.5,66.33333333,132.6666667,14,0.245614035,0.49122807,130.046,2.281508772,12.26405357,1,149.65,509.5789474,2,0,929.695,84.947,858.06,95.35333333,P,6
60_2,evaluation,16,0.0625,342,8,8,0.25,0.25,0.0625,2,2,0.0625,0.0625,,,,,,,,,,,,,,,,0,,23,1,1.4375,3.285714286,105.1428571,852.5,53.28125,106.5625,4,0.095238095,0.547619048,82.314,1.959857143,10.90221951,1,37.8125,568.125,4,0,634.011,44.942,583.778,79.251375,P,6
61_1,evaluation,4,1,317.75,2,6,0.25,0.75,0.75,2,3,0.25,0.375,,,,,,,,,,,,,,,,0,,44,1,11,8.8,70.4,1489,372.25,744.5,4,0.142857143,0.571428571,44.913,1.604035714,4.759851852,1,48.5,715.5,1,0,222.495,26.171,206.405,111.2475,P,4
61_2,creation,2,0.5,251,2,2,0.5,0.5,0,,,,,,,,,,,,,,,,,,,,0,,10,1,5,3.333333333,13.33333333,1741.5,870.75,1741.5,1,0.055555556,0.333333333,24.018,1.334333333,2.247705882,1,61.5,664,0,0,105.978,31.088,90.676,105.978,P,6
62_1,creation,34,0.029411765,4,8,8,0.117647059,0.117647059,0.088235294,8,8,0.117647059,0.117647059,,,,,,,,,,,,,,,,0.088235294,0,72,1,2.117647059,9,612,4968,146.1176471,292.2352941,16,0.195121951,0.62195122,498.167,6.075207317,8.740839506,1,49.58823529,307.1764706,0,0,1344.661,7.082,1318.867,79.09770588,P,5
62_2,evaluation,20,0.1,26.5,1,7,0.025,0.175,0.15,1,6,0.025,0.15,,,,,,,,,,,,,,,,0.1,0,57,1,2.85,19,760,2325.600098,116.2800049,232.5600098,12,0.126315789,0.431578947,330.909,3.483252632,7.74593617,1,59.45,880,0,0,1122.593,8.906,1071.177,112.2593,P,5
63_1,evaluation,12,0.333333333,810,4,4,0.166666667,0.166666667,0.166666667,7,7,0.291666667,0.291666667,,,,,,,,,,,,,,,,0,,36,1,3,12,288,2057.599976,171.4666646,342.9333293,3,0.073170732,0.463414634,204.588,4.98995122,17.412825,1,44.66666667,929.5833333,0,0,959.835,41.373,930.132,159.9725,P,6
63_2,creation,21,0.142857143,205,1,8,0.023809524,0.19047619,0,,,,,,,,,,,,,,,,,,,,0,,27,1,1.285714286,4.5,189,4267.999908,203.2380909,406.4761818,13,0.317073171,0.43902439,119.154,2.906195122,10.107825,1,32.0952381,467.4285714,0,0,609.815,13.946,541.753,58.07761905,P,7
64_1,evaluation,6,0,,,,,,0.166666667,2,2,0.166666667,0.166666667,,,,,,,,,,,,,,,,0,,39,1,6.5,13,156,2340.000122,390.0000203,780.0000407,2,0.08,0.36,568.179,22.72716,7.734,0,41,758.3333333,0,0,867.135,26.938,759.497,289.045,P,6
64_2,creation,2,0,,,,,,0.5,2,2,0.5,0.5,,,,,,,,,,,,,,,,0,,10,1,5,3.333333333,13.33333333,644.8000031,322.4000015,644.8000031,0,0,0.375,14.961,1.870125,23.27742857,1,44.5,679.5,0,0,303.478,14.306,193.201,303.478,P,6
65_1,evaluation,2,0.5,928,4,4,1,1,0,,,,,,,,,,,,,,,,,,,,0,,26,1,13,8.666666667,34.66666667,848.0001221,424.000061,848.0001221,0,0,0.138888889,67.516,1.875444444,4.052342857,0,66.5,969,0,0,465.719,235.893,463.152,465.719,P,5
65_2,creation,5,0.2,543,6,6,0.6,0.6,0.2,6,6,0.6,0.6,,,,,,,,,,,,,,,,0.4,0,35,1,7,11.66666667,116.6666667,1111.199951,222.2399902,444.4799805,2,0.022222222,0.177777778,231.924,2.576933333,3.442550562,1,50.8,515.8,0,0,869.57,154.115,694.82,347.828,P,6
66_1,evaluation,6,0.666666667,232.75,2,10,0.166666667,0.833333333,0.333333333,6,10,0.5,0.833333333,,,,,,,,,,,,,,,,0,,48,1,8,4.363636364,52.36363636,3554.44458,187.0760305,374.1520611,10,0.149253731,0.373134328,276.617,4.12861194,17.63484848,0,43,762.6666667,1,0,462.115,46.17,419.656,154.0383333,P,5
66_2,creation,5,0.4,297,4,8,0.4,0.8,0,,,,,,,,,,,,,,,,,,,,0.2,0,33,1,6.6,3.666666667,36.66666667,437,145.6666667,291.3333333,0,0,0.375,58.153,7.269125,7.524857143,1,41.4,529.4,4,0,401.353,29.114,381.51,160.5412,P,7
67_1,evaluation,17,0,,,,,,0,,,,,,,,,,,,,,,,,,,,0,,62,1,3.647058824,20.66666667,702.6666667,4261.600098,250.6823587,501.3647174,8,0.163265306,0.448979592,226.659,4.625693878,30.51291667,1,51.05882353,504.7058824,0,0,1808.18,13.62,1742.717,212.7270588,P,7
67_2,creation,5,0,,,,,,0,,,,,,,,,,,,,,,,,,,,0.2,0,28,1,5.6,3.5,35,1084.000023,216.8000046,433.6000092,2,0.117647059,0.411764706,51.341,3.020058824,19.7551875,0,49.8,255.4,0,0,862.645,10.962,534.2,345.058,P,7
68_1,creation,3,0,,,,,,0,,,,,,,,,,,,,,,,,,,,0,,5,1,1.666666667,1,6,886.666748,295.5555827,591.1111654,0,0,0.3,38.216,1.273866667,4.310724138,1,54,862.3333333,0,0,305.917,131.572,262.272,203.9446667,P,6
68_2,evaluation,4,0,,,,,,0,,,,,,,,,,,,,,,,,,,,0,,8,1,2,1.142857143,9.142857143,838.888916,209.722229,419.444458,0,0,0.454545455,12.688,1.153454545,11.4244,0,56.25,619.75,0,0,280.555,105.419,230.328,140.2775,P,6
69_1,evaluation,1,2,401,2,2,1,1,0,,,,,,,,,,,,,,,,,,,,0,,16,1,16,16,32,480,480,960,0,0,0.142857143,40.7,5.814285714,6.34,1,128,572,0,0,0,8.802,84.53,0,P,6
69_2,creation,1,2,273,2,2,1,1,0,,,,,,,,,,,,,,,,,,,,0,,5,1,5,2.5,5,104,104,208,0,0,0.5,2.36,1.18,2.001,0,120,555,0,0,78.087,14.459,33.804,156.174,P,6
7_1,evaluation,2,1,2075,4,4,1,1,0.5,4,4,1,1,,,,,,,,,,,,,,,,0,,17,1,7.428571429,4.25,17,3124.444363,1562.222182,3124.444363,2,0.029850746,0.208955224,74.432,1.110925373,2.442166667,1,83,2287.5,0,0,571.344,90.5,358.519,285.672,GPT,3
7_2,creation,1,0,,,,,,1,2,2,1,1,,,,,,,,,,,,,,,,1,0,4,1,60.5,2,4,,0,0,,,,,,,,115,201,0,0,82.278,6.747,43.43,82.278,GPT,7
70_1,evaluation,16,0.125,30,2,2,0.0625,0.0625,0,,,,,,,,,,,,,,,,,,,,0,,35,1,2.1875,2.916666667,93.33333333,4230,264.375,528.75,18,0.236842105,0.447368421,131.079,1.724723684,10.09081333,0,41.70588235,526.4666667,0,0,783.867,159.503,1050.413,97.983375,P,6
70_2,creation,6,0.015873016,7,8,8,0.063492063,0.063492063,0.015873016,12,12,0.095238095,0.095238095,,,,,,,,,,,,,,,,0,,46,1,7.666666667,4.6,55.2,5447,907.8333333,1815.666667,16,0.172043011,0.52688172,190.059,2.043645161,8.763923913,1,29.33333333,516.6666667,6,0,1111.186,52.128,819.764,370.3953333,P,6
71_1,evaluation,1,0,,,,,,0,,,,,,,,,,,,,,,,,,,,0,,4,1,4,4,8,200.7999973,200.7999973,401.5999947,0,0,0.25,70.454,17.6135,0.017333333,0,127,695,0,0,91.487,12.006,28.586,182.974,P,4
71_2,creation,1,0,,,,,,0,,,,,,,,,,,,,,,,,,,,0,,3,1,3,3,6,635.1999878,635.1999878,1270.399976,0,0,0,2.611,2.611,,0,120,616,0,0,49.015,4.589,14.205,98.03,P,4
73_1,evaluation,1,7,127.1428571,2,2,1,1,0,,,,,,,,,,,,,,,,,,,,0,,24,1,24,24,48,1188,1188,2376,0,0,0.1,46.859,4.6859,18.63422222,0,183,1676,0,0,294.184,47.096,252.387,588.368,P,7
73_2,creation,3,0,,,,,,0,,,,,,,,,,,,,,,,,,,,0,,7,1,2.333333333,1.4,8.4,465.5999985,155.1999995,310.399999,0,0,0.5,17.046,2.841,7.0522,0,48,300,0,0,125.537,14.635,109.897,83.69133333,P,6
8_1,evaluation,4,1.75,506,1,8,0.125,1,0,,,,,,,,,,,,,,,,,,,,0,,54,1,3,6.75,54,6022,1505.5,3011,4,0.023668639,0.224852071,160.266,0.948319527,4.86614881,1,134.75,2494.25,0,0,1194.435,181.619,1159.545,298.60875,GPT,7
8_2,creation,10.5,0.19047619,22,4,12,0.19047619,0.571428571,0.761904762,4,16,0.19047619,0.761904762,,,,,,,,,,,,,,,,0.285714286,0,78,1,8.333333333,5.2,109.2,7804.5,743.2857143,1486.571429,18,0.06,0.343333333,295.106,0.983686667,5.312852843,1,327.6666667,1449.916667,0,0,1961.794,18.443,1947.11,186.8375238,GPT,6
9_1,evaluation,3,0,,,,,,0.333333333,6,6,1,1,,,,,,,,,,,,,,,,0.333333333,0,9,1,4.333333333,1.8,10.8,1739.555634,579.8518778,1159.703756,2,0.05,0.35,31.235,0.780875,3.106205128,1,98.33333333,833,0,0,450.518,208.342,380.56,150.1726667,GPT,6
9_2,creation,6,0,,,,,,0.333333333,6,12,0.5,1,,,,,,,,,,,,,,,,,,26,1,38,2.363636364,28.36363636,3304.888916,550.8148193,1101.629639,2,0.01183432,0.124260355,124.963,0.739426036,2.145142857,0,59,1496.666667,0,0,892.321,285.962,841.639,148.7201667,GPT,7
